{
  "type": "minecraft:empty",
  "pools": [
    {
      "bonus_rolls": 0.0,
      "entries": [
        {
          "type": "minecraft:item",
          "name": "spelunkery:salt"
        }
      ],
      "rolls": 1.0
    },
    {
      "bonus_rolls": 0.0,
      "entries": [
        {
          "type": "minecraft:item",
          "conditions": [
            {
              "chance": 0.25,
              "condition": "minecraft:random_chance"
            }
          ],
          "name": "spelunkery:salt"
        }
      ],
      "rolls": 1.0
    }
  ],
  "random_sequence": "salt:cauldron_evaporation/salt_full"
}