{
  "feature": {
    "type": "minecraft:random_selector",
    "config": {
      "features": [
      ],
      "default": {
        "feature": "geophilic:formations/small_stone_pillar",
        "placement": [
        ]
      }
    }
  },
  "placement": [
    {
      "type": "minecraft:count",
      "count": {
        "type": "minecraft:weighted_list",
        "distribution": [
          {
            "weight": 1,
            "data": {
              "type": "minecraft:biased_to_bottom",
              "value": {
                "min_inclusive": 0,
                "max_inclusive": 4
              }
            }
          },
          {
            "weight": 1,
            "data": {
              "type": "minecraft:biased_to_bottom",
              "value": {
                "min_inclusive": 0,
                "max_inclusive": 2
              }
            }
          }
        ]
      }
    },
    {
      "type": "minecraft:rarity_filter",
      "chance": 2
    },
    {
      "type": "minecraft:in_square"
    },
    {
      "type": "minecraft:surface_water_depth_filter",
      "max_water_depth": 0
    },
    {
      "type": "minecraft:heightmap",
      "heightmap": "OCEAN_FLOOR"
    },
    {
      "type": "minecraft:biome"
    }
  ]
}
